{
  "base_mae": {
    "cat": 24.847834440350205,
    "knn": 28.417251610009362,
    "nn": 25.255780635752682,
    "xgb": 24.462050495387054
  },
  "ensemble_mae": 23.74415057935566
}