{
  "intercept": 103.08189300223655,
  "weights": {
    "cat": 19.476839479292256,
    "knn": 8.730980713703149,
    "nn": 31.971560005030796,
    "xgb": 24.752416911962015
  }
}