{
  "batch_size": 72,
  "dropout": 0.22223527531082998,
  "l2_strength": 2.0658709738339664e-05,
  "learning_rate": 0.00025674088686342003,
  "patience": 51
}